Workbook

Sheet Summary
A1: CabRoster — Test Case Catalogue
A2: Generated from test docstrings. 'Cases' counts parametrized variants; pytest reports one result per case. Fill the Status column (Pass / Fail / Blocked) on the suite sheets — totals below update.
A4: Area | B4: Simple: tests | C4: Simple: cases | D4: Full: tests | E4: Full: cases | F4: Stretch: cases | G4: Passed (Full) | H4: Failed (Full)
A5: Health | B5: =COUNTIF('Simple Suite'!C:C,A5) -> 1 | C5: =SUMIFS('Simple Suite'!H:H,'Simple Suite'!C:C,A5) -> 1 | D5: =COUNTIF('Full Suite'!C:C,A5) -> 0 | E5: =SUMIFS('Full Suite'!H:H,'Full Suite'!C:C,A5,'Full Suite'!B:B,"Full") -> 0 | F5: =SUMIFS('Full Suite'!H:H,'Full Suite'!C:C,A5,'Full Suite'!B:B,"Stretch") -> 0 | G5: =COUNTIFS('Full Suite'!C:C,A5,'Full Suite'!J:J,"Pass") -> 0 | H5: =COUNTIFS('Full Suite'!C:C,A5,'Full Suite'!J:J,"Fail") -> 0
A6: Auth & Profile | B6: =COUNTIF('Simple Suite'!C:C,A6) -> 7 | C6: =SUMIFS('Simple Suite'!H:H,'Simple Suite'!C:C,A6) -> 7 | D6: =COUNTIF('Full Suite'!C:C,A6) -> 30 | E6: =SUMIFS('Full Suite'!H:H,'Full Suite'!C:C,A6,'Full Suite'!B:B,"Full") -> 54 | F6: =SUMIFS('Full Suite'!H:H,'Full Suite'!C:C,A6,'Full Suite'!B:B,"Stretch") -> 0 | G6: =COUNTIFS('Full Suite'!C:C,A6,'Full Suite'!J:J,"Pass") -> 0 | H6: =COUNTIFS('Full Suite'!C:C,A6,'Full Suite'!J:J,"Fail") -> 0
A7: Roles & Access | B7: =COUNTIF('Simple Suite'!C:C,A7) -> 0 | C7: =SUMIFS('Simple Suite'!H:H,'Simple Suite'!C:C,A7) -> 0 | D7: =COUNTIF('Full Suite'!C:C,A7) -> 3 | E7: =SUMIFS('Full Suite'!H:H,'Full Suite'!C:C,A7,'Full Suite'!B:B,"Full") -> 73 | F7: =SUMIFS('Full Suite'!H:H,'Full Suite'!C:C,A7,'Full Suite'!B:B,"Stretch") -> 0 | G7: =COUNTIFS('Full Suite'!C:C,A7,'Full Suite'!J:J,"Pass") -> 0 | H7: =COUNTIFS('Full Suite'!C:C,A7,'Full Suite'!J:J,"Fail") -> 0
A8: Users | B8: =COUNTIF('Simple Suite'!C:C,A8) -> 5 | C8: =SUMIFS('Simple Suite'!H:H,'Simple Suite'!C:C,A8) -> 5 | D8: =COUNTIF('Full Suite'!C:C,A8) -> 22 | E8: =SUMIFS('Full Suite'!H:H,'Full Suite'!C:C,A8,'Full Suite'!B:B,"Full") -> 37 | F8: =SUMIFS('Full Suite'!H:H,'Full Suite'!C:C,A8,'Full Suite'!B:B,"Stretch") -> 0 | G8: =COUNTIFS('Full Suite'!C:C,A8,'Full Suite'!J:J,"Pass") -> 0 | H8: =COUNTIFS('Full Suite'!C:C,A8,'Full Suite'!J:J,"Fail") -> 0
A9: Cabs | B9: =COUNTIF('Simple Suite'!C:C,A9) -> 5 | C9: =SUMIFS('Simple Suite'!H:H,'Simple Suite'!C:C,A9) -> 5 | D9: =COUNTIF('Full Suite'!C:C,A9) -> 17 | E9: =SUMIFS('Full Suite'!H:H,'Full Suite'!C:C,A9,'Full Suite'!B:B,"Full") -> 38 | F9: =SUMIFS('Full Suite'!H:H,'Full Suite'!C:C,A9,'Full Suite'!B:B,"Stretch") -> 0 | G9: =COUNTIFS('Full Suite'!C:C,A9,'Full Suite'!J:J,"Pass") -> 0 | H9: =COUNTIFS('Full Suite'!C:C,A9,'Full Suite'!J:J,"Fail") -> 0
A10: Bookings | B10: =COUNTIF('Simple Suite'!C:C,A10) -> 6 | C10: =SUMIFS('Simple Suite'!H:H,'Simple Suite'!C:C,A10) -> 6 | D10: =COUNTIF('Full Suite'!C:C,A10) -> 37 | E10: =SUMIFS('Full Suite'!H:H,'Full Suite'!C:C,A10,'Full Suite'!B:B,"Full") -> 63 | F10: =SUMIFS('Full Suite'!H:H,'Full Suite'!C:C,A10,'Full Suite'!B:B,"Stretch") -> 0 | G10: =COUNTIFS('Full Suite'!C:C,A10,'Full Suite'!J:J,"Pass") -> 0 | H10: =COUNTIFS('Full Suite'!C:C,A10,'Full Suite'!J:J,"Fail") -> 0
A11: Trips | B11: =COUNTIF('Simple Suite'!C:C,A11) -> 7 | C11: =SUMIFS('Simple Suite'!H:H,'Simple Suite'!C:C,A11) -> 7 | D11: =COUNTIF('Full Suite'!C:C,A11) -> 33 | E11: =SUMIFS('Full Suite'!H:H,'Full Suite'!C:C,A11,'Full Suite'!B:B,"Full") -> 52 | F11: =SUMIFS('Full Suite'!H:H,'Full Suite'!C:C,A11,'Full Suite'!B:B,"Stretch") -> 0 | G11: =COUNTIFS('Full Suite'!C:C,A11,'Full Suite'!J:J,"Pass") -> 0 | H11: =COUNTIFS('Full Suite'!C:C,A11,'Full Suite'!J:J,"Fail") -> 0
A12: Driver | B12: =COUNTIF('Simple Suite'!C:C,A12) -> 6 | C12: =SUMIFS('Simple Suite'!H:H,'Simple Suite'!C:C,A12) -> 6 | D12: =COUNTIF('Full Suite'!C:C,A12) -> 19 | E12: =SUMIFS('Full Suite'!H:H,'Full Suite'!C:C,A12,'Full Suite'!B:B,"Full") -> 29 | F12: =SUMIFS('Full Suite'!H:H,'Full Suite'!C:C,A12,'Full Suite'!B:B,"Stretch") -> 0 | G12: =COUNTIFS('Full Suite'!C:C,A12,'Full Suite'!J:J,"Pass") -> 0 | H12: =COUNTIFS('Full Suite'!C:C,A12,'Full Suite'!J:J,"Fail") -> 0
A13: Pagination | B13: =COUNTIF('Simple Suite'!C:C,A13) -> 0 | C13: =SUMIFS('Simple Suite'!H:H,'Simple Suite'!C:C,A13) -> 0 | D13: =COUNTIF('Full Suite'!C:C,A13) -> 7 | E13: =SUMIFS('Full Suite'!H:H,'Full Suite'!C:C,A13,'Full Suite'!B:B,"Full") -> 41 | F13: =SUMIFS('Full Suite'!H:H,'Full Suite'!C:C,A13,'Full Suite'!B:B,"Stretch") -> 0 | G13: =COUNTIFS('Full Suite'!C:C,A13,'Full Suite'!J:J,"Pass") -> 0 | H13: =COUNTIFS('Full Suite'!C:C,A13,'Full Suite'!J:J,"Fail") -> 0
A14: End-to-end | B14: =COUNTIF('Simple Suite'!C:C,A14) -> 1 | C14: =SUMIFS('Simple Suite'!H:H,'Simple Suite'!C:C,A14) -> 1 | D14: =COUNTIF('Full Suite'!C:C,A14) -> 5 | E14: =SUMIFS('Full Suite'!H:H,'Full Suite'!C:C,A14,'Full Suite'!B:B,"Full") -> 5 | F14: =SUMIFS('Full Suite'!H:H,'Full Suite'!C:C,A14,'Full Suite'!B:B,"Stretch") -> 0 | G14: =COUNTIFS('Full Suite'!C:C,A14,'Full Suite'!J:J,"Pass") -> 0 | H14: =COUNTIFS('Full Suite'!C:C,A14,'Full Suite'!J:J,"Fail") -> 0
A15: Reports (stretch) | B15: =COUNTIF('Simple Suite'!C:C,A15) -> 0 | C15: =SUMIFS('Simple Suite'!H:H,'Simple Suite'!C:C,A15) -> 0 | D15: =COUNTIF('Full Suite'!C:C,A15) -> 5 | E15: =SUMIFS('Full Suite'!H:H,'Full Suite'!C:C,A15,'Full Suite'!B:B,"Full") -> 0 | F15: =SUMIFS('Full Suite'!H:H,'Full Suite'!C:C,A15,'Full Suite'!B:B,"Stretch") -> 5 | G15: =COUNTIFS('Full Suite'!C:C,A15,'Full Suite'!J:J,"Pass") -> 0 | H15: =COUNTIFS('Full Suite'!C:C,A15,'Full Suite'!J:J,"Fail") -> 0
A16: TOTAL | B16: =SUM(B5:B15) -> 38 | C16: =SUM(C5:C15) -> 38 | D16: =SUM(D5:D15) -> 178 | E16: =SUM(E5:E15) -> 392 | F16: =SUM(F5:F15) -> 5 | G16: =SUM(G5:G15) -> 0 | H16: =SUM(H5:H15) -> 0
A18: How to run:
A19: Simple suite (students): pytest tests/simple
A20: Full suite (grading): pytest tests/full -m "not stretch"
A21: Stretch (reports): pytest -m stretch
A22: Pass mark suggestion: 100% of Simple; Full score = passed cases / total Full cases.

Sheet Simple Suite
A1: TC ID | B1: Suite | C1: Area | D1: Endpoint | E1: Rule / Spec ref | F1: Scenario (steps) | G1: Expected result | H1: Cases | I1: pytest node id | J1: Status | K1: Notes
A2: S-HLT-01 | B2: Simple | C2: Health | D2: GET /health | E2: DEV-01 | F2: Call the health endpoint without a token. | G2: 200 and body {"status": "ok"} | H2: 1 | I2: tests/simple/test_simple_suite.py::test_health
A3: S-AUTH-01 | B3: Simple | C3: Auth & Profile | D3: POST /auth/register | E3: A1 | F3: Register a new employee with valid data. | G3: 201, role EMPLOYEE, is_active true, no password fields in response | H3: 1 | I3: tests/simple/test_simple_suite.py::test_register_employee
A4: S-AUTH-02 | B4: Simple | C4: Auth & Profile | D4: POST /auth/register | E4: A1 | F4: Register twice with the same e-mail. | G4: second call 409 | H4: 1 | I4: tests/simple/test_simple_suite.py::test_register_duplicate_email
A5: S-AUTH-03 | B5: Simple | C5: Auth & Profile | D5: POST /auth/login | E5: A2 | F5: Log in with correct credentials (OAuth2 form). | G5: 200 with access_token, token_type 'bearer' and role | H5: 1 | I5: tests/simple/test_simple_suite.py::test_login_success
A6: S-AUTH-04 | B6: Simple | C6: Auth & Profile | D6: POST /auth/login | E6: A2 | F6: Log in with a wrong password. | G6: 401 | H6: 1 | I6: tests/simple/test_simple_suite.py::test_login_wrong_password
A7: S-AUTH-05 | B7: Simple | C7: Auth & Profile | D7: GET /auth/me | E7: A3 | F7: Fetch own profile with a valid token. | G7: 200 and the same id/email as registered | H7: 1 | I7: tests/simple/test_simple_suite.py::test_me
A8: S-AUTH-06 | B8: Simple | C8: Auth & Profile | D8: GET /auth/me | E8: DEV-03 | F8: Call a protected endpoint without a token. | G8: 401 | H8: 1 | I8: tests/simple/test_simple_suite.py::test_me_without_token
A9: S-AUTH-07 | B9: Simple | C9: Auth & Profile | D9: PATCH /auth/me | E9: A4 | F9: Employee updates own address and zone. | G9: 200 and new values returned | H9: 1 | I9: tests/simple/test_simple_suite.py::test_update_me
A10: S-USR-01 | B10: Simple | C10: Users | D10: POST /users | E10: U1 | F10: Admin creates a DRIVER with a license number. | G10: 201 and role DRIVER | H10: 1 | I10: tests/simple/test_simple_suite.py::test_admin_creates_driver
A11: S-USR-02 | B11: Simple | C11: Users | D11: POST /users | E11: U1, RBAC | F11: Employee tries to create a driver. | G11: 403 | H11: 1 | I11: tests/simple/test_simple_suite.py::test_employee_cannot_create_user
A12: S-USR-03 | B12: Simple | C12: Users | D12: GET /users | E12: U2 | F12: Admin lists users. | G12: 200 and a pagination envelope (items, total, page, size, pages) | H12: 1 | I12: tests/simple/test_simple_suite.py::test_list_users_paginated
A13: S-USR-04 | B13: Simple | C13: Users | D13: GET /users/{id} | E13: U3 | F13: Admin fetches one user by id. | G13: 200 and the right user | H13: 1 | I13: tests/simple/test_simple_suite.py::test_get_user
... A39: S-E2E-01 | B39: Simple | C39: End-to-end | D39: Full flow | E39: Demo script | F39: Employee books, admin creates trip and assigns, driver starts, marks boarded and completes; employee sees result. | G39: final booking status COMPLETED with trip summary showing cab and driver | H39: 1 | I39: tests/simple/test_simple_suite.py::test_happy_path_end_to_end
A41: Legend: yellow Status cells are for you to fill (Pass / Fail / Blocked / Not run).

Sheet Full Suite
A1: TC ID | B1: Suite | C1: Area | D1: Endpoint | E1: Rule / Spec ref | F1: Scenario (steps) | G1: Expected result | H1: Cases | I1: pytest node id | J1: Status | K1: Notes
A2: F-AUTH-01 | B2: Full | C2: Auth & Profile | D2: POST /auth/register | E2: A1, 4.1 | F2: Register and inspect the response body. | G2: 201; body has every UserRead field; role EMPLOYEE; license_no null | H2: 1 | I2: tests/full/test_full_auth.py::test_register_response_shape
A3: F-AUTH-02 | B3: Full | C3: Auth & Profile | D3: POST /auth/register | E3: 4.1 | F3: Register with a mixed-case e-mail. | G3: 201 and e-mail stored/returned in lower-case | H3: 1 | I3: tests/full/test_full_auth.py::test_register_email_lowercased
A4: F-AUTH-03 | B4: Full | C4: Auth & Profile | D4: POST /auth/register | E4: A1 | F4: Register 'a@x' then 'A@X' (same address, different case). | G4: second call 409 | H4: 1 | I4: tests/full/test_full_auth.py::test_register_duplicate_email_case_insensitive
A5: F-AUTH-04 | B5: Full | C5: Auth & Profile | D5: POST /auth/register | E5: A1, 4.1 | F5: Two different e-mails with the same employee_code. | G5: second call 409 | H5: 1 | I5: tests/full/test_full_auth.py::test_register_duplicate_employee_code
A6: F-AUTH-05 | B6: Full | C6: Auth & Profile | D6: POST /auth/register | E6: A1, 4.1, 5.5 | F6: Each invalid or missing field (20 variants: name length, e-mail, phone regex ^[6-9]\d{9}$, password rules, code length, zone enum, address length). | G6: 422 for every variant | H6: 20 | I6: tests/full/test_full_auth.py::test_register_validation
A7: F-AUTH-06 | B7: Full | C7: Auth & Profile | D7: POST /auth/register | E7: 4.1 | F7: Boundary-valid values: 2-char name, 100-char name, 8-char password, 20-char code, phone starting 6. | G7: 201 for each | H7: 1 | I7: tests/full/test_full_auth.py::test_register_boundary_values_accepted
A8: F-AUTH-07 | B8: Full | C8: Auth & Profile | D8: POST /auth/register | E8: A1 | F8: Register without optional home_address and zone. | G8: 201 with both null | H8: 1 | I8: tests/full/test_full_auth.py::test_register_without_address_and_zone
A9: F-AUTH-08 | B9: Full | C9: Auth & Profile | D9: POST /auth/register | E9: A1, security | F9: Send role=ADMIN in the registration body. | G9: user is never ADMIN (either 422, or 201 with role EMPLOYEE) | H9: 1 | I9: tests/full/test_full_auth.py::test_register_cannot_escalate_role
A10: F-AUTH-09 | B10: Full | C10: Auth & Profile | D10: POST /auth/register | E10: NFR security | F10: Look at the stored hashed_password column after registering. | G10: not equal to the plain password and is a bcrypt hash ($2...) | H10: 1 | I10: tests/full/test_full_auth.py::test_password_is_hashed_in_db
A11: F-AUTH-10 | B11: Full | C11: Auth & Profile | D11: POST /auth/login | E11: A2 | F11: Log in using an upper-cased version of the e-mail. | G11: 200 | H11: 1 | I11: tests/full/test_full_auth.py::test_login_email_case_insensitive
A12: F-AUTH-11 | B12: Full | C12: Auth & Profile | D12: POST /auth/login | E12: A2 | F12: Log in with an e-mail that is not registered. | G12: 401 | H12: 1 | I12: tests/full/test_full_auth.py::test_login_unknown_email
A13: F-AUTH-12 | B13: Full | C13: Auth & Profile | D13: POST /auth/login | E13: A2 (OAuth2 password flow) | F13: Send credentials as JSON instead of form fields. | G13: 422 (form fields username/password are required) | H13: 1 | I13: tests/full/test_full_auth.py::test_login_requires_form_data
... A179: X-RPT-05 | B179: Stretch | C179: Reports (stretch) | D179: GET /reports/daily-summary | E179: R1 rounding to 1 decimal | F179: 6-seat trip, 1 boarded. | G179: utilisation_pct 16.7 | H179: 1 | I179: tests/full/test_stretch_reports.py::test_report_utilisation_rounding
A181: Legend: yellow Status cells are for you to fill (Pass / Fail / Blocked / Not run).
